id,date,amount,donor_name,email,category,notes,status
DN-2026-001,2026-10-06,250000,Ketut Suastika,ketut.suastika@gmail.com,Pendidikan & Yoga,Dana punia kelas yoga & santri,Verified
DN-2026-002,2026-10-05,1000000,Hamba Tuhan,hamba.tuhan99@yahoo.com,Operasional Ashram,Pemeliharaan kutir & sarana ashram,Verified
DN-2026-003,2026-10-04,150000,Ni Luh Putu,niluh.putu88@gmail.com,Konservasi Lingkungan,Bibit pohon & pupuk organik,Verified
DN-2026-004,2026-10-02,500000,Made Wira,made.wira@outlook.com,Pendidikan & Yoga,Beasiswa santri ashram angkatan 2026,Verified
DN-2026-005,2026-09-28,300000,Gede Arya,gede.arya@gmail.com,Dana Punia Umum,Punia persembahyangan Purnama,Verified
DN-2026-006,2026-09-25,2500000,Keluarga Suryanatha,suryanatha.fam@gmail.com,Operasional Ashram,Dukungan sarana pasraman Klungkung,Verified
DN-2026-007,2026-09-19,100000,Wayan Sudi,wayan.sudi7@gmail.com,Konservasi Lingkungan,Pemeliharaan kebun organik Gunaksa,Verified
DN-2026-008,2026-09-12,500000,I Nyoman Rai,nyoman.rai@gmail.com,Pendidikan & Yoga,Pengadaan matras & modul yoga santri,Verified
DN-2026-009,2026-09-04,750000,Sahabat Toleransi,sahabat.damai@gmail.com,Bakti Sosial & Kemanusiaan,Bakti sosial lintas generasi & masyarakat,Verified
DN-2026-010,2026-08-30,1500000,Dr. Ananya Sharma,ananya.sharma@delhiuniv.ac.in,Pendidikan & Yoga,Program pertukaran pemuda India-Bali,Verified
DN-2026-011,2026-08-20,250000,Kadek Arta,kadek.arta12@yahoo.co.id,Dana Punia Umum,Punia persembahyangan Tilem,Verified
DN-2026-012,2026-08-15,350000,Komang Dewi,komang.dewi@gmail.com,Operasional Ashram,Dapur umum & konsumsi relawan,Verified
DN-2026-013,2026-08-08,1200000,Gusti Ngurah Bagus,ngurah.bagus@gmail.com,Bakti Sosial & Kemanusiaan,Santunan pendidikan anak asuh,Verified
DN-2026-014,2026-07-29,400000,Ida Ayu Made,dayu.made@yahoo.com,Pendidikan & Yoga,Kitab suci & literatur Gandhian,Verified
DN-2026-015,2026-07-18,600000,Budi Santoso,budi.santoso91@gmail.com,Konservasi Lingkungan,Reboisasi lahan konservasi Gunaksa,Verified
DN-2026-016,2026-07-05,2000000,Alumni Japa Malamitra,alumni.japa@gmail.com,Operasional Ashram,Kontribusi berkala alumni ashram,Verified
